subscription_months,monthly_fee,watch_time_last_30_days,login_frequency,complaints,payment_failure,subscription_type,churn
29,299,1889,14,3,0,1,0
15,499,62,0,0,0,1,1
8,299,1685,16,2,0,1,0
21,499,511,1,0,0,0,1
19,199,1162,28,3,0,0,0
23,299,1721,19,1,1,1,1
11,299,1208,5,0,0,1,0
11,199,1228,7,2,0,0,0
24,199,771,28,2,0,0,0
24,199,1237,15,1,1,1,1
3,299,255,18,0,0,0,0
22,499,134,0,3,0,1,0
2,299,1596,2,1,0,1,1
24,499,874,27,0,0,0,0
30,299,821,2,4,0,0,1
2,299,87,4,2,0,0,1
21,199,1859,26,3,1,1,1
33,499,987,11,3,0,1,0
12,299,1230,11,3,1,1,1
22,299,1152,19,2,0,1,0
25,199,822,12,0,0,1,0
27,199,1026,19,1,1,1,1
28,499,973,8,0,0,0,0
16,299,933,6,1,0,1,0
15,499,1777,3,3,0,1,1
3,299,120,18,0,0,1,0
7,499,1408,21,3,0,1,0
21,199,1637,18,4,0,0,1
9,299,1061,5,3,0,1,0
18,499,1364,26,3,0,0,0
4,199,1007,12,1,0,0,0
25,199,924,10,4,0,1,0
14,499,644,12,3,0,1,0
9,299,713,12,3,0,0,1
26,299,859,27,4,0,0,0
2,199,20,24,4,0,1,0
20,299,241,21,0,0,0,0
28,299,454,27,1,1,1,0
7,299,962,19,4,0,1,1
8,199,620,14,4,0,0,0
35,499,302,20,2,0,1,0
14,299,1619,12,4,0,1,1
17,199,1618,21,1,0,1,0
4,199,802,10,3,0,0,1
2,499,963,18,3,0,0,0
6,299,68,7,3,1,0,1
4,299,1152,19,3,0,1,0
29,499,195,7,2,0,0,0
18,499,139,9,4,0,0,1
26,199,1467,25,3,1,0,1
34,199,282,15,0,0,1,1
10,499,311,18,3,0,1,1
14,299,745,25,4,0,0,0
31,199,1558,22,3,0,0,0
15,199,1688,10,2,0,0,0
8,299,276,12,1,0,1,0
14,199,60,27,1,0,0,0
23,299,1342,8,4,0,1,0
21,299,1913,19,1,0,1,0
16,299,51,23,1,0,1,1
18,499,1879,18,0,0,0,0
24,499,152,15,4,0,0,1
26,499,1772,6,4,0,1,0
25,299,1334,18,1,0,1,0
29,299,1837,11,1,0,1,0
15,499,543,14,1,0,1,0
1,199,566,22,2,0,0,0
25,299,1887,13,3,0,0,0
7,199,1412,10,2,0,1,0
9,199,1571,25,4,0,1,0
24,299,621,9,0,0,1,0
1,299,1200,26,3,1,0,1
8,199,1385,10,0,0,1,0
24,199,313,5,4,1,0,1
11,499,806,1,4,0,1,0
17,499,847,10,0,0,0,0
8,299,96,18,0,0,0,0
35,499,880,5,0,0,1,0
35,499,1236,13,4,0,0,0
33,499,828,19,1,0,0,0
5,499,136,5,0,0,0,1
28,199,1029,16,3,0,0,0
7,299,1010,9,4,0,1,0
9,499,108,27,2,0,1,1
8,199,546,0,2,0,1,0
12,199,1062,2,3,0,1,0
34,199,661,7,1,0,1,0
33,499,424,7,0,0,0,0
23,499,629,26,4,0,0,0
24,299,260,19,0,1,0,1
35,499,1449,21,4,0,0,0
22,499,86,14,2,0,1,1
27,199,464,23,0,0,1,0
35,299,75,6,3,0,0,0
1,499,470,10,1,0,1,0
35,499,1999,6,3,0,0,0
14,199,1986,28,1,0,0,0
3,199,413,3,0,1,1,1
1,499,824,24,0,0,1,0
5,299,894,11,1,0,1,0
26,299,725,25,2,1,1,1
14,199,456,5,4,0,1,0
27,199,1308,13,3,0,1,0
9,499,1262,11,3,0,1,0
15,199,1700,10,3,0,0,1
15,499,1622,18,0,0,1,0
26,299,652,20,3,0,0,1
13,299,671,4,4,0,0,0
32,499,1581,13,4,1,1,1
32,199,1395,20,1,0,0,0
4,299,494,23,0,1,1,1
30,199,1647,15,4,1,0,1
23,299,1942,24,2,0,0,0
15,499,1068,12,0,0,0,0
29,499,1424,24,0,0,1,0
13,499,1270,28,4,0,0,0
32,299,1639,21,2,0,0,0
7,199,596,21,1,1,0,0
22,199,449,24,4,0,1,0
28,199,484,19,2,0,0,0
2,299,645,21,0,0,1,0
6,299,619,3,2,0,0,1
28,299,1041,10,0,0,0,0
28,299,1629,16,4,0,0,0
20,299,661,6,4,0,1,0
30,199,757,13,3,0,0,0
11,299,288,25,3,0,0,0
28,299,1437,10,3,0,0,0
25,199,720,27,4,0,0,0
33,299,637,21,1,0,1,0
1,199,234,8,4,0,0,0
27,199,415,22,2,0,0,0
13,499,937,12,4,0,0,0
3,499,498,22,4,1,0,1
6,499,973,17,0,0,1,0
8,499,633,27,0,0,0,0
27,299,1673,10,0,1,0,0
9,499,1019,14,4,0,1,0
33,199,114,24,1,0,0,1
24,299,931,25,2,1,0,1
15,499,673,24,2,0,0,0
32,199,1736,21,1,0,1,0
32,299,1257,28,1,1,0,0
24,299,1563,18,2,0,1,0
12,499,1034,0,3,0,1,1
2,299,205,3,0,0,1,0
3,199,1702,13,0,0,1,0
17,299,246,13,2,0,1,1
2,199,1582,2,1,0,1,1
2,299,757,29,3,1,1,0
28,499,1150,27,2,1,0,1
23,199,146,16,0,1,0,1
32,299,117,2,4,0,1,1
33,299,1934,15,1,0,1,0
1,299,1405,13,4,1,1,1
19,199,411,29,2,1,1,0
2,199,1687,19,0,0,1,0
26,199,1607,28,3,0,1,0
32,499,362,12,4,0,0,0
6,499,1532,14,3,0,0,1
32,199,136,13,0,0,1,1
4,299,1198,23,4,0,1,0
11,499,1312,24,3,0,1,1
17,199,957,18,3,0,0,0
24,299,1504,5,4,0,1,0
5,499,18,9,0,0,0,0
34,299,194,26,3,0,0,0
6,299,329,14,2,0,0,0
22,299,1959,20,4,0,1,0
11,299,174,21,1,0,1,1
16,499,1001,19,1,0,0,0
33,499,448,25,0,0,0,0
9,499,1948,5,2,0,0,0
6,199,945,22,3,1,0,1
16,499,1377,24,1,0,1,0
29,299,1522,9,0,0,0,0
3,499,140,6,2,0,1,0
20,299,757,21,2,1,0,0
19,199,1920,16,0,0,1,0
26,299,929,17,0,0,0,0
3,299,92,16,3,0,1,1
19,299,1967,8,0,0,1,0
20,199,238,9,3,1,1,1
32,499,204,9,3,0,0,1
7,499,559,24,4,0,1,0
33,199,1456,6,2,0,0,0
18,299,244,15,2,0,1,0
1,499,831,28,2,0,1,0
11,199,1340,17,4,0,0,0
28,499,924,5,3,0,1,0
25,199,294,26,3,0,1,0
23,299,639,19,0,0,0,0
31,499,855,0,4,0,1,1
30,199,1305,0,0,0,1,0
35,499,16,11,4,0,1,0
7,499,70,20,0,0,1,0
16,499,1292,27,1,0,0,0
26,499,1348,1,2,0,1,1
2,199,1817,3,2,0,1,1
1,299,304,16,3,0,1,0
12,199,1474,3,1,0,1,0
5,199,1030,10,2,0,1,0
32,199,1337,21,3,0,1,0
9,299,816,25,1,0,1,0
35,499,1126,3,2,1,1,1
19,499,820,0,0,0,0,0
16,499,192,6,4,1,0,1
3,299,1776,29,1,0,0,0
20,499,1597,17,3,0,0,0
24,299,528,8,1,0,1,0
33,499,170,28,3,1,1,1
24,499,1560,2,1,0,0,0
11,199,250,7,3,0,0,1
8,299,1788,28,2,0,0,0
20,199,1410,23,0,0,1,0
35,199,1230,18,2,0,1,0
25,199,540,3,0,0,0,0
35,299,1652,17,2,0,0,0
25,299,415,19,2,0,0,0
29,499,793,26,1,0,0,0
18,199,1403,10,4,0,0,0
18,499,1167,26,3,0,1,1
2,199,24,13,3,1,0,1
35,299,1845,24,3,1,1,1
16,299,667,17,0,1,0,0
33,299,1096,27,3,0,0,0
4,199,631,27,3,1,1,0
33,299,1847,28,1,0,0,0
14,199,1856,15,2,0,1,0
21,499,1116,2,3,0,1,0
20,199,504,14,4,0,0,0
8,499,1621,26,3,1,0,1
7,199,335,26,0,0,1,0
3,499,424,3,0,0,1,0
17,299,498,4,0,0,0,0
33,499,1387,16,3,0,1,0
12,299,946,6,1,0,0,0
22,299,629,15,4,0,1,1
22,499,1768,13,3,0,0,1
30,199,1222,25,1,0,1,0
8,199,717,15,1,0,1,0
27,199,1436,6,3,0,0,0
27,199,338,8,3,0,1,0
34,199,658,3,1,1,1,1
21,299,961,29,1,0,1,0
30,199,1960,29,1,0,1,0
33,299,428,21,3,0,1,1
28,299,1806,10,1,0,1,0
33,299,898,1,0,0,1,1
5,499,138,11,3,0,0,1
19,499,1716,11,0,0,1,0
4,299,941,29,2,0,1,0
35,499,541,3,3,0,0,0
17,199,56,17,2,0,1,0
28,199,1255,25,1,0,1,0
30,299,657,20,1,0,0,0
29,199,434,6,4,1,1,0
6,299,383,28,1,0,1,0
35,299,559,0,2,0,0,1
24,199,193,25,1,0,0,0
29,499,1759,25,3,1,1,1
31,199,1671,22,1,0,1,0
35,199,533,25,4,0,0,0
33,299,517,12,1,0,1,0
21,299,715,5,2,1,0,1
32,299,750,5,2,1,0,1
23,299,184,11,1,0,0,0
33,499,1895,7,2,0,1,0
3,499,291,23,2,0,0,0
18,499,1358,21,4,0,0,0
25,299,731,18,3,0,0,0
31,299,115,4,4,0,1,1
3,299,824,17,0,0,1,0
24,499,1072,29,4,0,1,0
32,299,684,4,1,0,0,0
22,199,81,29,3,0,1,1
23,199,833,24,1,0,1,0
2,299,332,9,0,1,0,1
27,199,556,0,3,0,0,0
2,199,334,9,2,0,1,0
26,499,531,4,4,0,1,0
17,299,1983,11,1,0,0,0
33,299,220,21,0,0,1,1
9,499,634,29,2,0,0,0
29,199,1769,26,4,0,0,0
26,199,1756,6,2,0,1,0
35,299,322,8,4,0,1,0
25,199,1874,21,3,1,1,1
24,499,2,20,2,0,1,1
13,499,1717,11,2,1,0,0
7,299,205,22,2,1,1,1
20,499,1855,28,3,0,1,0
1,499,39,0,0,0,1,1
8,299,58,10,4,0,0,1
16,499,950,29,2,0,1,0
14,499,573,20,3,0,1,0
12,499,643,14,0,1,0,1
23,199,1530,1,4,0,0,0
15,299,1595,19,3,0,0,0
28,299,1907,6,4,0,0,0
34,299,842,20,2,0,0,0
2,199,1145,11,0,0,1,0
32,199,1502,21,3,0,0,0
23,299,618,17,0,0,0,0
22,199,95,2,2,0,0,0
25,299,1882,6,0,0,0,0
22,199,1437,10,0,0,0,0
22,499,1258,17,1,0,0,0
6,499,897,11,0,0,0,0
15,299,1085,5,4,0,0,0
33,199,1279,4,3,0,1,1
8,199,560,25,1,0,1,0
5,499,904,0,3,0,1,1
4,499,347,11,3,0,0,0
6,199,670,26,2,0,0,0
32,199,1147,25,2,0,0,0
30,199,1505,10,1,0,1,0
35,199,316,3,2,0,0,0
16,199,1527,26,2,1,0,0
13,199,718,17,2,0,0,0
30,299,1071,3,3,0,1,0
19,199,1432,16,1,0,1,0
17,499,1955,1,3,0,0,0
19,299,1159,28,4,1,1,1
28,199,1224,23,3,0,0,1
26,499,249,21,4,1,0,1
26,299,313,1,0,0,1,0
23,499,1892,11,0,0,1,0
9,199,1391,5,4,0,1,0
12,199,1452,9,4,0,1,1
1,199,1853,24,3,0,0,1
1,199,806,22,4,0,0,0
34,299,1503,24,1,0,1,0
32,299,1337,20,0,0,1,0
25,499,1523,22,0,1,0,1
1,199,1744,26,4,0,0,1
16,499,1378,15,2,0,0,0
5,299,484,13,2,0,0,0
22,199,1234,6,4,0,1,0
29,199,1727,27,1,0,1,0
3,299,43,27,2,0,1,0
12,299,1564,18,4,0,0,0
26,299,570,22,1,0,0,0
16,299,582,16,1,0,1,0
22,299,1115,8,3,0,1,0
29,199,1288,25,1,0,1,0
14,299,894,12,2,0,0,0
28,199,219,21,2,0,1,0
5,199,1925,4,4,0,0,1
30,299,924,22,4,1,1,0
5,299,1465,4,1,0,1,0
12,199,400,9,0,0,1,0
16,299,1423,20,3,0,0,0
26,299,726,26,0,0,0,0
26,299,990,9,1,0,0,0
21,499,898,26,1,0,0,0
33,199,1812,6,0,0,0,0
30,499,1599,25,3,1,0,1
23,299,857,14,0,0,1,0
10,499,803,6,4,0,0,0
5,299,489,28,2,0,1,0
34,499,1508,26,4,0,0,0
31,299,1780,14,2,0,1,0
10,499,1493,2,1,1,1,1
19,499,1597,18,3,0,0,0
32,499,937,9,0,0,1,0
1,199,843,27,3,0,0,0
5,499,1705,28,0,0,0,0
4,199,1468,14,4,1,0,1
16,299,1292,2,4,0,0,1
24,499,266,5,0,0,1,0
16,299,53,11,3,0,0,0
2,299,527,14,0,0,1,0
28,499,1543,5,1,0,1,0
32,199,615,12,4,0,1,0
27,499,1082,28,1,0,0,0
20,299,1848,18,4,0,1,0
24,299,1063,2,4,1,0,1
12,499,1260,7,2,0,1,0
35,199,954,7,1,0,0,0
33,199,385,22,1,0,0,0
33,299,1629,25,2,0,0,0
12,299,733,19,3,1,0,1
3,199,715,14,1,0,1,0
1,499,649,3,0,0,1,1
33,299,299,18,2,0,0,1
10,199,394,20,1,0,1,0
29,299,1230,2,3,0,0,1
13,499,1359,12,1,0,0,0
12,199,592,7,4,1,1,1
31,299,1753,22,0,0,0,0
2,499,513,15,2,1,0,0
35,299,1201,12,4,0,0,1
23,499,395,2,3,0,0,1
17,499,370,15,4,0,0,0
26,199,857,8,4,0,1,0
8,499,790,27,3,0,1,0
29,299,657,13,4,1,1,1
26,499,1341,12,2,1,0,1
10,499,735,20,1,1,0,1
26,199,1392,24,4,0,0,1
34,499,383,6,2,1,0,1
7,499,61,14,1,0,0,1
4,299,1829,6,1,0,0,0
11,199,504,5,4,0,1,0
29,199,238,1,2,0,0,1
25,199,194,8,4,0,1,0
21,499,677,21,3,0,0,0
10,199,1986,23,1,1,1,0
9,499,1245,16,4,0,0,0
24,499,60,4,1,0,1,0
35,299,1152,11,2,1,1,1
35,299,989,0,0,0,0,0
18,299,684,9,4,1,0,1
32,299,155,10,4,0,1,0
24,299,1940,15,1,0,0,0
23,499,1401,13,2,0,0,0
32,499,1645,7,3,0,0,0
12,199,1804,23,2,0,1,0
13,499,922,16,4,0,0,0
23,499,867,24,3,0,1,0
25,299,902,17,2,1,1,0
35,499,1813,11,0,0,0,0
30,299,1609,24,1,0,1,0
17,199,998,16,2,0,0,0
20,199,1460,27,2,0,0,0
25,499,974,25,0,0,1,0
22,199,1230,13,4,1,1,1
13,499,387,15,1,0,1,0
19,199,1503,13,2,0,1,0
12,299,1814,8,3,0,1,0
19,299,886,3,2,0,0,1
12,299,837,24,1,0,1,0
9,299,1363,22,2,0,0,0
7,499,1892,10,0,0,0,0
28,199,339,5,2,0,1,0
14,499,203,14,2,0,1,1
31,299,160,4,3,0,1,0
19,499,1563,10,0,0,1,0
16,199,391,24,0,0,1,0
5,499,768,17,2,1,0,1
35,199,1700,29,3,0,0,1
12,499,574,12,2,0,0,0
25,199,533,10,2,0,1,0
21,199,1093,13,1,1,1,1
23,299,892,27,1,1,0,0
16,199,404,17,3,1,1,1
14,299,607,26,4,0,1,0
31,299,1698,27,1,0,1,0
5,299,1614,24,4,0,0,0
35,499,1540,27,0,0,1,0
23,499,827,18,1,0,0,0
29,499,1143,23,1,0,1,0
11,499,1837,26,3,0,1,1
18,199,689,14,4,0,0,1
12,199,1711,8,1,0,1,0
9,499,901,7,1,0,1,0
10,199,1240,19,3,1,1,0
17,199,55,27,3,0,0,0
7,299,365,0,4,0,1,1
13,299,1722,3,0,0,1,1
9,299,1527,13,0,0,1,0
27,299,1767,24,2,0,1,0
2,199,1790,1,1,0,1,0
5,499,1948,15,4,0,0,0
29,199,454,2,1,0,0,0
19,199,103,25,4,1,1,1
8,199,76,7,4,0,1,1
1,299,229,5,4,0,0,0
22,299,1937,15,1,0,1,0
17,299,1281,23,3,1,1,0
7,499,1287,15,1,0,1,0
25,199,330,6,4,0,1,1
4,499,1205,29,2,1,1,1
6,299,892,12,0,1,1,0
31,499,1791,12,4,1,1,0
19,199,1573,4,2,0,1,0
27,199,687,24,3,0,0,0
10,299,26,19,4,1,0,1
26,299,1299,21,2,0,1,0
19,499,1675,17,4,0,1,0
3,299,298,14,1,0,1,0
13,299,956,17,2,0,1,0
28,199,798,1,1,1,0,1
20,299,1114,9,1,0,0,0
28,299,479,22,2,0,0,0
8,199,572,12,0,1,0,0
1,199,457,17,2,0,1,0
3,499,1474,14,0,0,1,0
13,299,364,11,4,0,1,0
28,199,858,14,4,0,0,0
25,499,1698,12,2,0,1,0
33,499,350,17,4,0,1,0
6,299,1678,14,3,0,0,0
32,299,1423,24,1,0,0,0
21,499,252,22,1,0,0,0
16,199,780,10,0,0,0,0
21,499,1904,18,4,0,0,0
11,299,802,2,0,0,1,0
35,199,1011,6,1,0,1,0
19,199,458,20,1,0,0,0
20,499,1722,25,4,0,1,0
18,299,916,13,3,0,1,1
14,499,498,13,3,1,1,1
15,499,949,21,4,0,1,0
31,499,1994,12,4,0,0,0
1,199,1949,11,0,0,1,0
3,199,507,23,4,1,1,1
16,299,1327,8,3,0,1,1
23,299,500,0,4,0,0,0
11,499,802,18,0,0,1,0
12,499,597,10,0,0,0,0
10,499,165,22,0,0,0,1
32,299,1438,21,0,0,0,0
16,199,461,22,2,0,0,0
8,199,919,23,4,0,1,0
12,499,113,21,1,0,0,0
24,499,1456,18,4,0,0,0
28,499,991,17,2,0,0,0
8,499,1379,11,0,0,0,0
28,299,1951,22,2,0,0,0
26,199,1718,27,3,0,1,0
8,499,206,27,3,1,0,1
28,299,1791,27,4,0,1,1
28,499,1258,26,4,1,1,0
27,499,1465,0,1,0,0,1
17,199,1378,18,1,1,1,0
9,499,514,27,3,0,1,0
33,199,1231,26,0,0,1,0
20,199,708,19,2,0,0,0
13,199,1876,28,1,0,0,0
28,299,1148,29,1,0,0,0
29,299,137,16,0,0,0,1
13,199,338,4,0,0,0,1
35,499,536,25,4,0,0,0
6,199,67,2,2,0,0,1
18,499,1596,1,0,0,1,0
5,199,1564,2,1,0,1,0
25,499,382,7,1,0,0,0
2,299,18,15,3,0,1,1
10,499,682,5,0,0,0,0
30,199,1473,12,4,1,0,1
5,299,73,29,2,0,0,0
33,499,572,22,4,0,1,0
1,499,938,27,1,0,0,0
18,499,1688,21,4,0,0,0
32,499,1299,21,1,0,0,0
11,499,1071,15,1,0,0,0
21,299,210,27,1,0,1,0
26,299,854,15,1,0,0,0
25,299,1943,2,1,0,1,1
22,299,650,27,3,0,1,0
27,199,1645,12,4,0,0,0
13,299,993,13,3,0,0,0
33,499,694,7,3,1,1,1
34,499,539,11,0,0,1,0
35,299,1732,22,0,0,1,0
1,499,1214,22,0,0,1,0
21,299,1338,21,2,0,0,0
6,499,900,20,0,0,1,0
28,199,1586,25,4,0,1,0
17,199,1684,7,3,0,1,0
5,299,779,20,4,0,1,0
31,299,1585,24,0,0,0,0
5,299,1923,8,2,0,0,0
3,499,1781,0,2,0,0,0
23,299,1136,5,3,0,1,0
10,199,169,22,4,0,1,1
10,499,1491,18,1,0,0,0
19,299,1701,22,4,0,0,0
17,499,1944,10,0,0,1,0
21,499,1037,10,1,0,0,0
14,299,1738,22,2,0,1,0
9,499,287,29,3,0,1,0
1,199,1930,12,3,1,1,1
13,199,188,10,2,0,1,0
4,499,913,17,0,0,1,0
1,299,1178,22,2,0,1,0
32,499,1590,14,0,0,0,0
34,199,693,0,1,0,0,1
28,499,1745,20,2,0,0,0
31,499,887,24,0,0,1,0
8,199,470,6,1,0,0,0
26,499,1098,22,2,0,1,0
34,499,276,26,3,0,1,1
3,299,939,12,2,0,1,0
12,299,1668,11,4,0,1,0
1,199,1366,17,2,0,0,0
5,199,1448,23,4,0,0,1
30,199,570,18,1,0,0,0
30,299,1534,14,2,0,1,0
17,199,856,7,1,0,0,0
23,199,1000,18,1,0,0,0
15,199,1205,9,0,0,0,0
21,299,457,6,1,0,1,0
14,499,917,17,1,0,0,0
2,199,1874,15,2,0,1,0
11,499,832,19,2,0,0,0
34,199,1087,26,3,0,1,0
34,499,838,5,0,0,0,0
18,299,1283,26,1,0,0,0
30,299,192,8,0,0,0,0
15,199,1678,20,4,0,1,0
27,499,615,12,1,1,0,1
34,299,1995,24,0,0,0,0
33,199,405,20,3,0,1,0
24,199,1749,25,3,0,1,0
15,299,1777,7,1,0,1,0
30,299,942,15,4,0,1,0
17,199,720,12,3,0,0,0
5,499,92,12,3,0,0,0
29,499,429,16,4,0,1,0
4,499,653,22,0,0,0,0
10,199,1457,19,3,0,1,0
17,299,1427,4,2,0,0,1
10,199,433,21,3,0,1,1
17,299,1135,20,0,1,0,0
20,499,1952,27,0,0,1,0
24,499,374,16,1,0,1,0
5,299,1082,27,2,0,0,0
34,299,1066,8,0,0,0,0
6,199,206,1,4,0,0,0
2,499,779,24,2,0,1,0
13,199,1319,25,2,0,0,0
11,199,1141,17,4,1,1,1
23,199,531,8,3,0,0,0
16,499,1245,5,4,0,0,0
31,199,165,10,4,1,1,1
11,199,642,24,3,0,1,1
16,199,1179,28,3,0,0,0
8,199,1207,5,3,0,1,0
4,199,89,5,3,1,1,1
4,199,1117,12,3,0,0,0
25,499,12,10,4,0,1,1
3,199,972,13,1,0,0,0
32,299,1857,1,1,0,0,1
3,199,804,7,0,0,1,0
27,199,944,2,1,0,0,0
29,499,741,22,1,1,1,1
32,499,1857,20,4,0,0,0
19,299,1827,2,3,0,1,1
21,299,1461,0,3,0,1,0
5,499,1561,23,4,0,1,0
18,499,1610,18,1,0,1,0
28,199,1991,17,4,1,1,1
22,499,875,16,0,1,0,1
21,299,1959,19,3,0,0,0
6,199,1834,28,2,1,1,0
1,299,1173,23,0,0,0,0
5,199,659,12,0,0,1,0
12,499,1031,2,4,0,1,0
26,299,1052,29,1,1,0,1
34,199,295,0,3,0,0,1
14,199,985,3,2,1,1,0
26,499,925,24,0,0,1,0
27,499,1744,12,2,0,1,0
9,499,639,16,1,0,1,0
26,299,339,27,1,0,1,0
22,199,627,29,2,0,1,0
30,499,438,10,3,0,0,1
17,299,1167,1,1,0,1,0
26,299,941,24,2,0,1,0
1,299,829,15,0,0,0,0
8,499,1770,1,2,1,1,0
35,499,518,28,2,0,1,0
15,199,975,18,4,0,0,0
22,199,1068,22,1,0,1,0
14,499,954,18,3,0,0,0
26,299,1262,24,3,0,1,0
28,299,951,15,4,0,0,0
23,299,943,21,3,0,0,0
14,199,154,18,2,0,0,0
24,299,1204,8,4,0,1,0
2,199,1238,0,0,1,1,1
26,199,87,9,1,0,0,1
14,299,1279,18,1,1,0,1
7,299,1534,0,1,1,1,1
3,499,1096,1,2,1,1,1
23,499,930,15,0,1,1,0
18,299,178,11,4,0,1,0
35,199,211,7,4,0,1,0
15,199,1828,22,1,0,0,0
25,199,1257,17,0,0,1,0
28,199,464,1,0,0,0,0
10,199,1774,24,0,0,1,0
17,499,1246,28,3,1,0,1
22,299,630,12,3,1,0,1
26,499,824,5,1,0,1,0
25,199,1287,20,0,0,0,0
17,199,1230,25,0,1,0,0
13,199,606,5,4,0,0,0
20,199,884,8,4,0,0,0
25,299,1757,15,1,0,1,0
4,199,365,10,0,0,0,0
10,299,275,6,1,0,1,1
3,199,379,9,4,1,0,1
18,299,1766,9,4,0,1,0
22,499,1332,29,3,0,1,0
34,199,1654,24,1,0,1,0
8,299,1291,19,1,0,0,0
19,499,944,17,0,1,1,1
6,199,1808,27,0,0,1,0
26,199,1087,23,3,0,0,0
34,199,809,19,2,0,1,0
6,299,1373,28,2,0,0,0
33,299,924,8,2,0,0,0
22,499,1938,14,1,0,1,0
21,299,493,3,1,0,0,1
6,299,1546,7,4,0,0,0
6,199,1121,8,1,0,0,0
4,199,1969,12,1,1,1,0
30,199,1094,8,1,1,0,0
11,199,363,25,3,0,0,1
30,199,569,3,1,0,0,1
31,199,1825,16,0,0,1,0
24,199,762,15,0,0,0,0
9,499,275,14,4,0,1,0
3,499,49,2,3,0,0,1
31,499,1381,24,0,0,1,0
24,499,727,19,3,0,1,1
31,199,905,4,3,0,1,0
6,499,927,22,4,0,0,0
2,199,563,4,3,0,0,1
20,499,782,19,1,0,0,0
28,299,484,14,3,0,1,0
11,499,1107,17,4,0,0,1
4,499,1922,14,4,0,0,0
15,199,1828,1,4,0,1,1
6,499,1661,28,0,1,0,1
30,299,1831,12,1,0,0,0
2,199,583,3,0,0,1,0
15,199,1319,9,2,0,1,0
11,499,235,12,1,1,0,1
8,199,55,9,3,0,1,0
26,199,1942,28,4,0,0,0
5,199,359,8,2,1,0,0
6,199,1930,7,1,0,0,0
26,199,109,2,0,0,0,1
4,199,191,15,4,0,0,1
19,299,903,13,0,0,1,0
20,499,1116,8,1,1,1,0
33,299,861,29,1,0,0,0
20,199,567,20,2,0,1,0
12,199,1083,10,3,0,1,0
1,499,649,2,0,0,0,1
26,299,38,4,2,0,1,1
14,499,1563,28,4,0,1,0
11,299,1072,9,3,0,0,0
13,199,1443,12,2,0,0,0
3,499,636,3,0,0,0,0
33,499,1036,23,1,0,0,0
6,199,35,12,4,0,0,1
10,499,100,11,0,0,0,1
5,299,1817,4,3,0,0,1
23,299,1109,9,3,0,1,0
10,299,1539,27,1,0,0,0
2,299,1246,23,1,0,1,0
13,199,1361,8,4,0,1,0
2,499,1983,19,4,1,0,1
20,299,165,6,1,0,1,0
1,199,382,1,1,0,1,0
9,499,1879,21,3,0,1,0
17,499,1918,23,1,0,0,0
9,199,1399,27,2,0,1,0
11,199,1494,22,0,1,1,1
15,299,789,6,1,0,0,0
24,499,1665,7,4,0,1,0
35,499,30,6,2,0,1,0
30,199,1398,20,4,0,1,0
31,499,10,22,2,0,1,1
5,299,1325,28,1,0,1,0
14,499,95,13,0,0,0,1
11,199,1213,25,4,0,1,0
9,199,452,18,2,0,0,0
34,299,191,4,3,0,1,1
12,299,485,22,1,0,0,0
35,499,1289,24,0,0,0,0
35,499,1447,17,1,0,0,0
1,199,1151,19,3,1,1,1
22,299,237,11,0,0,1,0
29,299,1943,22,3,1,1,1
8,299,1378,16,1,1,1,0
11,499,1963,12,2,1,1,0
14,299,1135,1,1,0,0,0
30,199,1851,24,1,0,0,0
35,199,1469,12,1,0,0,0
21,499,1366,25,4,0,1,0
5,499,1168,6,3,0,1,0
19,299,1088,27,3,0,0,0
14,499,1270,9,3,0,1,1
26,199,734,22,4,0,1,0
4,299,990,5,2,1,0,0
25,199,1513,2,1,0,0,1
25,299,824,25,2,0,1,0
18,499,1462,2,4,0,1,1
8,299,105,17,3,1,0,1
14,299,180,10,1,0,1,0
32,199,183,21,0,0,0,1
33,199,225,19,0,0,0,1
23,299,776,4,2,1,0,1
15,499,789,18,3,0,1,1
33,499,1932,21,0,0,0,0
25,199,1112,26,2,0,0,0
17,499,687,27,4,0,1,0
33,199,529,18,2,0,0,0
2,499,1394,29,2,1,1,1
14,299,971,14,2,1,1,1
6,199,935,29,1,0,1,0
6,199,1936,15,2,0,0,0
3,299,1422,23,2,0,0,0
7,199,105,8,1,0,1,0
8,499,1294,3,1,0,1,0
15,499,1998,14,4,0,1,0
29,199,830,24,3,0,0,0
33,499,1526,11,0,0,1,0
30,199,678,22,0,0,1,0
27,299,1548,2,2,0,1,0
29,199,848,22,4,0,0,0
33,299,1055,13,2,0,1,0
27,499,392,16,0,0,0,0
33,299,39,18,1,1,0,1
4,499,659,5,3,0,1,0
22,199,1241,3,4,1,1,1
2,499,1754,6,1,1,1,1
10,199,980,29,3,0,0,1
5,199,1105,18,4,0,0,0
10,299,844,16,4,0,0,0
33,299,1743,24,0,1,1,0
13,299,200,15,1,1,0,1
31,299,446,14,4,0,1,0
24,499,1867,21,4,0,1,0
15,499,1451,7,3,0,1,0
29,499,1061,18,0,0,0,0
8,199,1234,7,2,0,0,0
5,499,443,17,0,0,0,0
29,499,1350,27,2,0,1,0
4,499,760,15,1,0,0,0
12,299,226,19,1,0,0,0
2,499,47,18,4,0,1,1
27,199,1041,9,1,1,1,0
31,299,911,16,4,0,0,1
26,199,1462,12,0,0,1,0
27,499,1830,12,1,0,0,0
5,299,1731,6,0,0,1,0
20,199,186,26,0,0,1,0
11,499,344,9,1,0,0,0
10,199,223,1,0,0,1,0
6,199,829,3,1,0,1,1
8,199,487,24,1,0,1,0
23,499,1932,5,1,0,0,0
26,499,876,23,2,0,1,0
12,199,848,17,0,0,1,0
26,299,1252,22,3,0,0,0
13,299,1413,5,1,0,0,0
18,499,978,28,0,0,1,0
25,499,1612,29,4,0,1,0
33,499,1016,24,1,0,1,0
12,499,187,22,1,0,0,0
4,499,1881,16,3,0,1,0
5,299,269,13,2,0,0,1
8,499,1630,23,2,1,0,0
28,199,309,10,1,1,1,0
31,199,1155,25,0,0,1,0
9,299,1574,18,4,1,0,1
29,199,1095,29,4,0,1,0
14,299,1816,1,0,0,1,0
22,299,844,27,1,0,0,0
11,199,1695,2,4,1,1,1
23,499,1210,10,2,0,0,0
1,199,485,5,0,0,1,0
21,199,1214,28,3,0,0,0
26,299,1445,13,1,0,0,0
23,199,119,18,0,0,1,0
1,299,219,25,4,0,0,1
15,499,52,15,1,0,0,0
21,499,1757,20,2,0,1,0
9,499,1474,21,1,0,1,0
9,199,1435,23,1,0,1,0
10,299,1666,6,2,0,0,0
26,499,1260,29,2,0,0,0
35,299,757,26,1,1,0,0
25,299,737,7,2,0,1,0
26,499,719,18,0,0,0,0
11,499,405,19,2,0,0,0
2,299,607,15,2,0,1,0
7,499,1020,21,1,1,0,1
18,299,421,26,0,0,1,0
27,299,711,6,3,0,1,0
34,499,246,8,3,0,1,1
27,199,71,12,4,0,0,1
17,499,1853,0,2,0,0,0
24,199,184,28,2,0,0,0
25,299,5,7,0,0,1,0
7,299,1229,23,3,0,1,1
6,199,1567,21,4,0,1,0
24,299,1634,3,0,0,0,1
33,199,905,2,2,0,0,0
29,199,386,26,3,0,0,0
22,299,1791,2,4,0,0,0
26,199,698,21,1,0,0,0
28,499,1099,12,3,0,1,0
21,499,1200,7,4,0,0,1
7,299,826,6,0,0,1,0
17,299,1822,26,1,0,1,0
20,199,348,0,4,0,0,1
20,199,1278,26,4,0,1,0
22,199,1860,15,2,0,0,0
28,199,1725,5,3,0,0,1
7,499,307,6,2,0,1,0
1,499,1368,11,1,0,0,0
32,299,1150,22,4,0,0,1
13,199,1960,8,2,0,1,0
30,199,286,26,3,1,1,1
23,299,765,10,1,0,1,0
19,199,724,9,0,0,1,0
32,199,761,20,2,0,1,0
30,199,1619,0,1,0,1,1
29,199,1510,17,0,0,0,0
29,199,382,3,2,0,0,0
30,299,1429,4,1,1,0,1
16,199,387,8,1,0,1,0
19,299,524,26,2,0,0,0
18,199,1580,16,1,1,1,1
1,499,638,2,4,0,0,0
14,499,937,15,2,0,1,0
2,499,1649,4,1,0,0,0
28,499,1968,15,0,0,1,0
30,299,275,2,0,0,1,1
4,299,499,19,4,0,1,0
1,199,716,14,2,0,1,0
8,499,336,29,1,0,0,0
29,299,1973,2,1,1,0,1
3,199,931,19,0,0,1,0
32,199,480,13,4,0,1,0
10,299,1920,15,0,0,1,0
10,499,910,28,0,0,0,0
19,199,1996,28,4,1,1,1
34,499,1296,16,2,0,1,0
33,499,1943,27,1,0,0,0
23,499,1081,23,2,0,1,0
28,199,1351,19,3,1,1,0
32,499,1754,22,3,0,0,0
7,199,108,17,3,0,1,0
29,499,1302,17,4,0,1,0
8,199,1709,21,0,1,0,0
1,499,327,13,2,0,1,0
3,299,1799,17,1,0,0,0
24,499,314,14,3,0,1,0
23,499,1497,14,2,0,1,0
8,199,1134,5,3,0,1,1
3,199,698,26,3,1,1,0
33,499,780,14,1,1,1,0
28,299,1958,17,4,1,0,1
8,299,1252,3,0,0,1,0
34,199,1520,22,4,0,1,0
35,299,155,7,2,0,0,1
32,499,1496,14,4,0,0,0
24,199,1724,2,2,0,1,1
14,499,1295,29,2,0,0,0
32,199,886,14,0,1,1,1
16,199,1025,12,1,0,0,0
4,199,757,8,0,1,0,1
21,199,721,1,4,0,1,0
14,299,1534,23,2,0,0,0
31,499,912,7,3,0,1,1
18,499,1309,28,3,0,0,0
7,499,870,29,2,0,0,0
10,199,12,19,0,1,0,1
7,299,607,16,1,0,1,0
33,499,497,12,0,0,1,0
23,299,1756,0,2,0,0,0
21,199,237,1,2,0,1,1
19,499,1117,29,1,0,1,0
19,299,1361,14,4,0,1,0
29,199,780,11,4,1,0,1
18,299,1194,13,1,0,1,0
2,499,605,24,4,0,0,1
1,499,660,28,3,0,0,0
5,199,1647,1,4,0,0,0
20,199,1590,17,4,1,0,1
11,199,848,21,4,0,0,0
2,299,935,6,3,1,1,1
3,299,1490,28,4,0,1,0
23,299,627,22,3,0,0,0
12,199,142,28,1,1,1,1
20,499,1224,24,0,0,1,0
5,499,1203,5,1,0,1,0
30,299,713,13,0,0,1,0
9,299,1387,7,1,0,1,0
34,499,478,26,0,0,1,0
35,499,564,21,0,0,1,0
22,299,470,1,2,0,0,0
24,299,383,16,0,0,0,0
17,499,1715,4,0,1,0,1
10,199,925,13,2,0,1,0
30,299,416,24,4,0,1,0
23,499,1848,23,4,0,0,0
32,499,307,29,2,0,1,0
17,499,648,28,3,0,1,0
17,499,1717,19,0,0,0,0
14,199,1390,20,0,0,0,0
9,499,1024,28,2,0,0,0
2,299,1067,20,2,0,1,0
25,199,738,21,3,0,1,0
9,499,1866,2,4,0,1,0
22,199,1121,4,1,0,0,1
4,299,1743,15,4,0,0,0
26,499,1288,17,0,0,1,0
29,299,1823,25,2,1,0,0
34,499,1806,16,3,0,0,0
23,499,139,10,4,0,1,1
11,499,1504,16,3,0,0,1
6,499,1260,15,4,1,0,1
18,499,973,25,0,1,0,1
21,199,1016,22,1,0,1,0
34,499,952,1,3,0,1,0
17,499,903,3,3,0,0,0
25,199,71,20,1,0,1,1
12,199,1690,6,3,0,1,0
23,199,1213,1,3,0,1,0
22,199,1291,29,4,0,0,1
21,199,1344,5,4,0,1,0
27,199,106,16,1,0,0,1
31,499,1255,6,0,0,0,0
6,499,1065,24,3,1,1,1
27,299,1725,4,0,0,0,0
34,499,882,4,1,0,1,1
12,499,138,19,1,0,1,0
7,199,614,15,4,0,0,0
10,199,1706,18,3,0,0,0
17,499,862,8,2,0,1,0
26,299,272,4,1,0,1,1
21,199,1504,7,3,0,1,0
28,499,415,8,0,0,1,0
2,499,505,4,4,1,0,1
1,299,732,9,0,0,0,0
26,299,1748,24,1,1,0,1
29,199,1876,1,1,0,1,1
21,299,423,8,0,0,0,0
11,499,1430,10,1,0,0,0
11,499,1591,3,3,0,0,0
35,299,389,21,1,0,0,0
34,299,341,21,4,0,1,0
24,299,945,21,3,0,0,0
22,299,613,1,2,0,0,1
5,199,1956,22,1,0,0,0
33,299,492,28,1,1,0,1
20,199,191,5,4,0,1,1
19,499,498,26,4,0,1,0
35,299,821,13,0,0,0,0
17,199,1735,0,0,0,1,0
34,299,1256,17,0,0,1,0
9,499,1968,6,4,0,1,1
26,499,226,0,0,0,1,1
2,499,1394,0,0,0,0,0
9,299,138,0,2,1,1,1
9,299,855,23,0,0,1,0
17,199,816,3,1,0,0,0
1,499,1172,3,4,0,0,1
25,299,1138,28,3,0,0,1
25,499,1473,17,2,0,0,0
35,499,1086,26,4,0,1,0
3,199,103,10,4,1,0,1
30,199,1874,26,1,0,1,0
34,199,870,0,0,0,1,1
12,199,667,27,1,0,0,0
19,499,272,9,0,0,0,1
17,199,1029,8,0,0,1,0
10,199,1170,22,4,0,1,0
12,199,183,3,0,0,0,1
16,199,1051,27,2,0,0,0
24,499,1985,5,2,0,0,0
19,199,1573,29,2,0,1,0
8,499,1142,15,4,0,1,0
31,299,292,1,1,0,0,1
21,499,1394,22,3,1,1,1
17,499,1267,17,0,0,0,0
23,199,1603,9,3,0,1,0
16,299,1749,23,1,0,1,0
6,299,1241,23,1,0,0,0
8,299,176,16,4,0,0,0
25,299,1322,12,2,0,0,0
18,499,1699,23,2,0,1,0
25,299,57,17,1,1,1,1
12,499,1292,21,4,1,0,1
15,499,307,12,4,0,1,0
26,499,1593,16,0,0,0,0
26,299,1311,4,2,0,1,1
32,199,976,10,1,0,0,0
10,199,1128,6,3,0,1,0
16,299,1251,28,2,0,1,0
7,199,1270,9,0,0,1,0
17,199,699,16,4,0,1,0
23,499,1517,14,1,0,0,0
26,499,82,17,2,0,1,1
21,299,1209,22,3,0,0,1
22,299,251,21,0,0,0,0
7,199,1378,18,0,0,0,0
14,499,1773,29,2,0,0,0
15,299,1895,25,3,0,1,1
7,299,1719,1,0,0,0,0
9,299,795,25,1,0,1,0
8,299,896,3,0,0,1,0
23,299,1961,2,3,0,1,1
29,299,209,6,4,0,1,1
18,199,815,23,4,0,0,0
31,499,1831,17,2,0,1,0
30,499,608,9,3,0,0,0
35,299,446,6,0,0,1,0
18,499,459,7,0,1,1,1
17,499,967,5,4,0,0,0
14,499,471,21,4,0,1,0
31,299,1743,25,1,0,1,0
24,299,369,0,4,0,1,0
35,499,899,3,1,0,1,1
34,499,1957,13,0,0,1,0
3,299,1515,16,1,0,0,0
26,199,922,19,1,0,1,0
23,499,136,17,2,0,1,0
15,199,366,10,4,0,0,0
4,499,911,28,1,1,1,1
29,199,183,20,0,0,0,0
22,199,1611,25,3,0,1,1
25,199,1310,13,1,0,1,0
13,299,471,8,4,0,0,0
18,199,1398,26,2,1,1,1
33,199,653,14,0,1,1,0
16,199,748,11,2,0,0,0
2,499,536,9,3,0,0,0
35,199,1534,18,1,0,1,0
34,499,801,23,1,0,0,0
30,199,1602,18,4,0,1,1
13,199,1273,5,1,1,0,1
13,299,919,19,0,1,1,1
18,499,509,23,3,1,0,1
32,199,629,26,2,0,0,0
32,499,1001,5,3,0,0,1
35,499,1096,7,1,0,0,0
29,299,1305,0,2,0,0,0
29,299,915,21,4,0,0,0
16,299,1983,16,3,0,0,0
10,299,1383,16,2,0,0,0
30,299,1033,23,2,0,0,0
25,299,1234,14,2,1,1,1
20,299,1858,6,0,1,0,0
5,299,151,18,3,1,1,1
1,199,1028,21,2,0,0,0
30,499,1218,24,3,0,1,0
3,299,1977,22,2,0,1,0
14,299,1306,27,4,0,0,0
30,499,463,2,4,1,0,1
4,199,1136,29,4,1,1,0
18,499,270,29,1,0,1,0
25,499,1186,28,2,0,0,0
1,299,459,21,1,0,0,0
15,499,104,10,3,0,0,1
9,499,1716,19,1,1,1,1
15,299,1579,29,3,0,0,0
24,299,1305,28,3,0,0,0
4,299,1710,18,3,0,0,0
12,299,161,8,1,0,0,0
6,499,350,9,2,0,0,0
24,499,433,1,1,1,1,1
11,199,851,0,2,0,1,1
13,199,139,29,2,0,0,1
34,499,1494,15,3,0,0,0
25,199,1155,17,1,0,1,0
7,499,86,22,2,0,0,0
4,199,1711,25,4,0,1,0
8,299,182,16,2,0,0,0
20,199,367,5,4,0,1,0
29,299,128,13,1,0,1,0
10,299,1269,22,1,0,0,0
34,299,1624,24,1,0,1,0
26,299,1601,14,2,0,0,0
3,199,669,13,0,0,1,0
6,499,1922,23,2,0,0,0
5,299,1401,21,2,0,0,0
5,199,148,2,3,0,0,1
23,299,984,23,3,1,1,1
9,199,851,22,2,0,0,0
35,199,1456,18,4,0,0,0
20,199,627,24,3,1,0,0
35,499,1749,11,2,0,1,0
18,199,1492,1,0,0,0,1
17,199,445,2,4,0,1,1
24,499,1504,17,1,0,1,0
3,499,883,28,2,0,1,0
32,199,293,0,2,0,0,0
35,499,1788,19,4,0,0,0
13,299,1166,20,3,1,1,1
25,299,249,28,3,0,0,1
9,499,877,5,3,0,0,0
4,499,947,4,1,0,1,0
14,199,974,0,4,0,1,1
34,499,1325,18,4,0,0,0
11,199,1048,0,3,0,1,1
3,299,788,26,3,0,0,0
28,499,983,20,0,0,1,0
29,199,888,20,0,0,0,0
9,199,889,15,2,0,0,0
3,299,1924,11,2,0,1,0
25,499,69,26,4,0,0,0
34,299,624,28,4,0,0,0
12,199,874,21,1,0,1,0
9,199,1135,7,1,0,0,0
15,499,1387,25,0,0,0,0
25,199,1326,15,2,0,0,0
5,499,470,27,0,0,1,0
11,299,1987,0,0,0,1,0
34,499,90,3,2,0,1,1
24,499,529,9,1,0,1,0
15,199,660,10,2,0,1,0
8,199,738,16,3,0,0,1
5,499,725,24,3,0,0,0
26,199,871,26,3,0,0,0
18,199,1686,22,4,0,1,0
6,199,191,6,1,0,0,0
13,499,1986,11,1,0,1,0
28,199,1575,20,4,0,0,0
5,499,1265,6,0,0,1,0
13,199,137,11,3,1,0,1
17,299,344,14,3,1,0,1
32,199,1203,1,0,0,1,0
29,199,1008,13,2,0,0,0
3,499,1735,12,2,0,0,0
34,499,502,3,1,0,1,0
27,199,202,13,4,0,0,0
13,299,572,13,1,0,0,0
33,199,191,15,2,1,1,1
6,199,4,6,0,1,1,1
24,299,1913,18,1,0,1,0
19,499,1260,1,3,0,1,0
16,199,1716,9,3,0,1,0
28,499,310,17,0,0,0,0
33,499,548,28,2,0,1,0
13,299,55,16,3,0,1,1
25,299,442,4,3,0,0,1
27,499,1260,11,4,0,0,0
7,199,869,5,1,0,0,0
5,499,1884,21,2,1,0,1
31,199,1220,8,1,0,0,0
23,199,584,19,2,0,1,0
10,299,1594,0,3,0,0,0
32,199,751,21,4,0,1,0
30,199,1537,14,1,0,0,0
31,499,1472,20,3,0,1,0
18,299,359,25,2,1,0,0
2,199,1723,5,1,0,1,0
14,199,818,18,1,0,1,0
13,299,29,17,3,0,1,0
29,499,1802,5,1,1,1,0
12,299,107,12,4,0,1,0
2,299,843,0,4,0,1,0
32,199,1958,22,3,0,1,0
13,199,1625,22,2,0,1,0
27,499,716,25,3,0,1,0
17,199,890,12,4,0,1,0
31,199,1991,6,0,0,0,0
34,299,1982,14,0,0,1,0
24,199,959,11,1,0,1,0
35,499,1468,26,1,0,0,0
6,299,892,25,0,0,1,0
19,499,1461,0,4,0,1,0
30,299,731,14,1,0,0,0
7,199,1913,3,3,0,0,1
10,299,605,12,3,1,1,1
32,299,456,22,4,1,0,1
34,199,614,26,1,0,1,0
28,199,1758,24,3,0,1,0
15,499,697,4,1,0,1,0
30,499,1719,28,1,1,0,0
29,199,1518,1,3,0,1,0
22,199,673,22,0,0,1,0
4,199,1270,25,3,0,0,0
20,299,542,0,4,1,1,1
32,299,1587,15,2,0,1,0
4,299,856,22,3,0,1,0
27,199,1611,5,1,0,1,0
17,499,896,22,1,0,1,0
12,199,1462,15,3,0,1,0
22,299,277,13,2,0,0,0
17,299,551,28,3,0,1,0
10,199,1636,25,2,1,1,1
1,199,110,2,2,0,0,1
22,299,384,14,4,0,1,0
26,299,1856,2,1,0,1,0
18,299,760,22,1,0,0,0
14,199,1214,28,2,0,0,0
29,299,1513,1,1,0,0,0
12,299,693,0,0,0,0,0
35,499,1449,8,2,1,0,1
12,199,404,8,1,1,0,0
7,499,1358,22,0,1,0,0
29,499,1232,6,4,0,1,0
11,299,21,2,1,0,1,1
33,199,677,25,0,0,1,0
6,299,610,17,3,0,0,0
15,199,1231,10,3,0,1,0
32,499,7,6,0,0,0,1
11,199,701,8,2,0,1,0
23,299,1710,0,2,0,1,0
26,299,1808,28,1,0,1,0
34,299,528,13,3,0,1,1
34,199,601,19,2,0,0,0
29,499,1676,5,2,0,0,0
4,499,656,6,3,0,1,1
17,199,165,9,4,0,0,1
35,299,848,6,2,1,0,1
13,499,495,25,0,0,1,0
15,299,589,1,1,1,0,1
29,199,428,29,2,0,0,0
29,299,773,3,2,0,0,1
11,499,162,20,4,0,0,0
32,499,365,29,0,0,1,0
2,299,1549,27,1,0,1,0
14,199,1262,16,2,0,0,0
20,299,71,0,1,0,1,1
22,199,1468,9,3,0,1,1
11,299,654,18,2,0,1,0
27,499,1845,14,2,0,0,0
3,199,1532,9,3,0,0,1
17,199,1818,18,4,0,1,0
28,199,268,11,2,0,1,0
29,499,1776,23,1,0,0,0
21,299,414,15,0,0,1,0
16,499,1268,8,1,0,0,0
20,199,1015,14,4,1,1,0
6,299,674,29,0,0,0,0
19,499,1083,26,1,0,0,0
5,199,5,27,1,0,0,0
3,199,1732,16,3,0,0,0
1,499,981,13,4,0,1,0
15,499,569,26,3,0,0,0
34,499,1840,17,0,0,1,0
35,199,406,25,3,0,0,0
25,499,1240,1,4,0,0,1
24,199,1953,3,2,0,1,1
12,499,25,17,2,0,1,0
18,199,1838,6,0,0,1,0
15,199,1028,12,2,1,0,0
16,299,985,14,3,0,0,0
27,499,1555,24,0,0,1,0
8,499,389,22,4,0,0,0
25,199,709,27,0,1,1,1
17,199,570,21,0,0,0,0
29,199,1471,25,1,0,0,0
8,299,753,0,1,0,0,0
15,299,145,10,0,0,1,0
27,199,1411,9,2,0,0,0
7,499,784,24,1,0,1,0
3,499,1272,4,4,1,1,1
29,299,525,15,3,0,0,0
24,299,1485,10,1,0,1,0
3,199,12,20,0,0,1,0
20,499,902,5,2,0,0,0
15,199,383,8,3,1,1,1
25,299,555,12,1,0,1,0
30,499,886,23,2,0,0,0
14,499,1422,7,2,0,0,0
7,299,18,13,2,0,0,0
17,199,574,23,0,0,1,0
20,199,1514,0,4,1,1,1
9,499,750,16,2,1,0,0
22,299,1003,23,3,0,1,0
2,499,418,4,1,0,0,0
24,299,1360,24,3,0,0,0
8,199,418,1,0,1,0,1
11,299,1938,24,0,0,1,0
13,199,1939,27,3,0,1,0
17,299,1635,29,4,0,0,0
8,499,1698,23,0,0,0,0
21,199,1951,8,0,1,1,0
18,499,121,3,3,0,0,1
30,499,431,16,0,0,1,0
18,199,43,16,4,0,0,0
31,199,1895,20,4,0,0,0
32,499,1943,17,4,0,1,0
11,499,1340,15,1,0,1,0
25,499,380,29,4,0,1,0
33,499,144,7,4,0,1,1
8,199,1350,25,1,0,1,0
11,199,362,10,2,0,0,0
22,499,1073,20,0,0,0,0
24,299,1088,20,4,0,1,0
17,299,354,17,0,0,1,0
12,199,799,22,3,0,0,0
32,499,1187,28,0,0,0,0
15,499,1164,23,1,0,1,0
16,199,1989,9,0,1,1,1
22,299,825,12,0,0,0,0
28,299,1151,16,0,0,1,0
20,299,397,17,2,0,0,0
33,199,1956,9,2,0,0,0
10,299,879,15,3,1,1,1
32,199,462,19,1,0,0,0
33,199,1774,4,0,1,0,0
2,499,1859,12,0,0,0,0
33,299,807,17,0,1,1,0
33,199,186,16,0,1,0,1
13,299,1743,8,2,1,1,0
30,299,731,13,3,0,0,1
33,499,1935,16,4,0,0,0
13,299,1213,28,1,0,0,0
26,499,1411,3,0,0,0,0
22,199,428,17,3,1,0,1
2,299,857,26,4,0,1,1
26,199,1307,19,3,1,1,1
15,299,1887,23,2,0,0,0
34,199,236,23,4,0,1,1
11,299,1217,14,3,0,1,0
3,299,1310,10,2,0,0,0
6,299,770,11,3,0,1,0
9,299,757,8,3,0,1,0
6,299,135,12,4,1,1,1
9,299,791,14,2,0,1,0
31,299,1806,26,0,0,0,0
32,299,170,14,1,0,1,0
12,299,158,27,4,0,0,1
8,199,200,4,2,0,0,1
8,499,1510,22,3,0,1,1
28,299,1580,18,2,0,0,0
20,499,961,25,1,0,1,0
7,299,1799,19,1,0,0,0
11,299,582,25,0,1,1,0
20,199,1527,24,0,0,1,0
16,199,875,25,1,0,0,0
4,499,370,25,4,0,1,0
6,199,102,13,4,0,1,1
22,199,1001,27,3,0,1,0
26,499,1148,16,0,0,1,0
3,199,1336,17,3,0,0,0
14,299,975,20,0,0,0,0
11,499,797,2,1,0,0,0
18,499,1481,1,4,0,1,1
12,299,1253,0,4,0,0,0
23,199,657,9,1,0,1,0
12,499,881,18,3,0,1,0
13,499,1220,16,3,0,1,1
25,299,1908,11,2,0,0,0
19,299,732,0,0,0,0,0
8,199,422,11,3,0,0,0
29,499,571,16,1,1,0,1
32,199,1633,23,3,0,1,0
18,199,170,2,4,0,0,1
6,299,1405,10,0,0,0,0
18,499,172,16,2,0,0,0
19,499,662,22,0,0,0,0
22,499,452,25,4,0,1,1
32,299,349,2,4,0,0,1
3,299,1925,7,4,1,0,1
28,299,1975,19,4,0,0,0
10,299,1657,3,1,0,1,0
35,299,493,20,2,0,0,0
29,499,619,21,4,0,0,0
15,199,1027,6,4,0,0,0
33,499,1116,13,3,0,1,1
7,199,918,13,2,0,1,0
12,299,5,3,0,0,0,0
30,199,287,15,2,0,0,1
21,499,1641,23,2,0,1,0
31,499,1169,28,2,1,1,0
24,199,1806,21,4,0,1,1
20,299,1447,29,4,0,1,0
4,299,1913,0,1,0,1,0
28,499,607,16,0,0,0,0
20,199,456,24,3,0,0,0
24,299,1764,9,2,0,0,0
32,299,1225,21,0,0,0,0
34,499,1235,15,0,0,1,0
2,299,1029,15,1,0,1,0
15,199,623,25,3,0,1,0
34,499,375,7,2,0,1,0
6,499,1914,28,3,0,1,0
12,199,446,6,1,1,0,1
3,499,834,27,4,0,0,0
18,299,1129,5,0,1,0,1
21,299,1674,15,2,0,0,0
15,199,810,19,4,0,0,1
33,299,1424,15,1,0,1,0
35,199,1119,6,3,0,1,0
26,199,1411,8,0,0,1,0
8,299,958,13,2,0,1,0
30,199,1475,10,4,0,1,0
23,299,848,25,4,1,0,0
14,499,808,25,0,0,0,0
14,499,978,13,3,0,0,0
2,199,1924,6,1,0,1,0
5,299,415,0,3,0,1,0
14,299,725,25,3,0,1,0
25,499,1527,24,3,0,1,0
20,499,453,12,0,0,0,0
2,299,1314,19,0,0,1,0
6,199,1557,2,1,0,0,0
17,499,1216,19,3,1,1,0
25,199,149,3,0,0,0,0
28,199,1903,28,1,0,1,0
2,499,758,25,1,0,1,0
35,199,778,10,3,1,0,0
5,199,972,1,2,0,0,0
1,299,762,13,3,1,1,1
12,199,1001,11,2,1,0,0
23,299,1538,29,1,1,1,1
31,499,1416,16,0,0,1,0
11,499,1339,11,4,0,0,0
10,299,75,25,1,0,1,0
3,499,598,11,0,0,1,0
14,199,1293,0,1,0,0,1
16,199,224,12,3,0,1,0
10,199,1553,13,2,0,1,0
29,499,112,23,1,0,1,1
10,199,250,29,0,0,1,0
12,499,1256,1,3,0,0,1
30,199,840,11,4,0,0,0
1,299,1814,25,3,0,0,0
5,499,713,20,2,0,1,0
20,499,1106,27,3,1,0,1
8,199,124,15,4,0,0,0
12,499,1198,3,0,0,0,0
1,499,1092,7,1,0,1,0
20,299,1070,1,2,0,0,1
28,299,883,9,4,0,0,0
12,199,1279,8,2,0,1,0
28,299,1750,22,3,0,1,0
15,199,29,14,2,0,1,0
6,199,280,12,4,0,1,1
20,199,923,22,1,0,1,0
14,499,1260,16,1,0,1,0
2,299,1271,29,2,0,0,0
9,199,367,15,0,0,0,0
20,299,494,27,2,0,1,0
26,199,1048,1,3,0,1,1
29,299,1609,19,1,1,0,0
1,299,717,19,1,0,1,0
35,199,1513,26,1,0,1,0
6,499,1016,13,0,1,0,1
5,299,1517,2,0,0,1,0
33,499,1337,22,4,0,1,0
14,499,605,11,2,1,0,0
12,199,374,7,2,0,0,0
20,199,638,1,3,0,0,0
24,199,1960,3,1,0,0,0
34,299,1048,13,0,0,0,0
25,199,1357,15,3,0,1,0
29,199,1378,18,3,1,1,0
31,299,115,1,0,0,1,0
23,299,47,11,2,0,1,0
20,199,1761,28,1,1,1,0
23,199,1801,13,2,0,0,0
16,199,98,5,3,0,1,1
8,199,1482,12,1,0,1,0
21,499,1546,3,4,0,1,1
1,499,1620,21,3,0,1,1
8,199,404,17,2,0,1,0
29,499,1237,11,2,1,0,1
32,299,684,19,2,1,1,0
5,499,902,26,0,0,1,0
22,499,502,21,3,0,1,0
34,199,1744,29,1,0,1,0
1,499,1471,20,2,0,1,0
26,499,893,18,2,0,1,0
10,499,1599,7,0,0,0,0
30,499,257,6,1,0,1,0
18,299,843,15,3,0,0,0
17,199,120,18,4,0,0,0
26,199,809,5,0,0,1,0
8,299,977,19,3,0,1,1
12,499,53,26,4,0,1,1
27,299,1018,20,2,0,0,0
8,499,1354,10,2,0,1,0
25,299,783,4,1,0,1,0
4,199,240,15,4,0,1,0
33,199,1778,6,2,0,0,0
1,199,1553,26,2,0,0,0
19,499,482,4,1,0,1,0
31,499,1012,10,3,0,0,0
16,299,186,14,2,0,1,1
14,299,1881,2,0,1,0,1
5,199,655,25,0,0,1,0
26,499,261,4,3,1,0,1
28,299,952,22,4,0,1,1
2,499,1387,20,1,0,1,0
6,499,490,4,0,0,0,0
9,199,430,8,0,0,0,0
33,199,238,14,3,0,0,0
25,499,303,2,4,0,0,0
13,499,297,28,4,0,0,1
9,499,75,5,3,0,1,0
13,499,1723,16,0,0,1,0
31,199,1356,25,1,0,0,0
11,299,1923,20,0,0,1,0
4,199,998,7,4,0,1,0
34,299,1781,20,0,0,0,0
4,499,641,24,1,1,1,1
19,299,1497,10,2,0,1,0
6,199,826,5,0,0,0,0
34,199,1946,7,3,0,0,1
18,499,282,9,2,0,1,0
13,199,590,23,3,0,0,0
23,499,71,28,3,1,1,1
19,199,1286,2,3,0,0,1
11,199,702,22,0,0,0,0
1,499,1902,13,4,1,0,1
24,299,1910,22,2,1,0,1
7,199,1965,13,1,0,1,0
25,299,574,9,4,0,0,0
21,199,999,11,0,0,0,0
15,199,891,5,3,0,1,0
1,199,11,11,1,0,1,1
12,199,140,22,2,0,1,0
7,299,1789,13,4,1,1,1
15,299,1578,1,4,0,0,1
21,199,16,8,1,0,1,0
19,199,1086,9,0,0,0,0
29,299,252,25,2,0,1,0
25,499,464,16,1,0,0,0
33,499,375,16,3,1,1,1
32,299,1827,2,2,0,0,0
35,199,980,29,4,0,0,0
26,199,519,18,1,0,1,0
11,499,1860,0,4,0,0,0
35,499,89,11,4,0,0,0
8,299,719,6,4,0,0,0
14,499,803,3,0,0,0,1
10,299,795,9,4,0,1,0
2,499,629,12,3,0,0,0
9,499,1884,1,3,0,0,1
3,499,1198,9,2,0,1,0
21,199,75,20,4,0,1,1
26,199,1636,21,4,0,1,0
8,199,925,24,1,0,0,0
2,499,1686,3,0,0,0,0
6,299,399,17,2,0,1,0
28,299,1805,4,4,0,0,1
29,299,969,18,1,1,1,0
26,299,1094,1,0,0,0,1
25,199,1203,11,2,0,1,0
12,199,1147,16,2,0,0,0
5,499,1404,9,4,1,1,1
34,499,1316,1,2,0,0,0
15,299,796,5,1,0,1,0
15,199,194,7,2,1,0,1
23,299,1934,28,3,1,0,1
6,499,227,18,1,0,0,0
21,499,1454,10,0,0,1,0
23,299,1965,24,0,0,0,0
16,499,1459,11,4,0,0,0
15,299,1810,8,4,0,0,0
25,199,460,1,3,0,1,1
11,299,617,7,0,0,0,0
15,199,1044,25,0,0,1,0
4,199,63,10,0,0,0,0
21,499,164,27,0,1,1,0
13,499,26,20,2,0,1,1
22,499,1334,3,1,0,0,0
19,299,1011,9,1,0,1,0
34,299,284,20,3,1,1,1
14,499,1683,19,2,0,0,0
4,299,280,15,0,0,1,1
27,499,837,7,0,0,1,0
29,299,830,3,4,0,1,1
28,199,1187,28,4,1,1,1
35,199,1921,9,3,0,0,0
8,499,917,11,0,0,1,0
16,299,223,28,3,0,1,0
30,299,783,13,2,0,0,0
18,199,1169,15,1,0,0,0
2,199,964,21,0,0,1,0
13,499,949,17,2,0,0,0
4,199,1891,20,0,0,0,0
26,499,1053,21,4,0,0,0
25,199,44,20,3,0,0,1
30,199,1810,11,4,0,0,1
11,299,470,17,1,0,0,0
7,199,33,29,4,0,0,1
31,199,652,6,0,0,0,0
10,499,1450,19,4,1,0,0
13,199,829,23,0,0,1,0
31,499,1909,22,1,0,1,0
7,199,220,6,4,1,1,1
20,199,1891,8,3,1,1,0
4,499,533,0,3,1,1,1
7,299,691,25,3,0,0,0
1,499,1971,5,4,0,0,1
13,499,1390,5,4,0,1,0
22,499,931,21,4,0,1,0
21,299,840,28,0,0,0,0
22,199,1766,11,1,1,1,1
28,499,1010,21,3,0,0,1
9,499,1938,11,0,0,1,0
26,299,1573,9,3,1,0,1
9,499,581,22,0,0,1,0
15,199,1139,29,4,0,0,0
10,299,238,25,3,0,1,1
24,199,1358,5,4,0,1,1
8,199,440,16,3,0,0,0
24,299,147,18,2,1,0,1
16,499,1032,17,0,1,1,1
26,199,1311,5,2,1,1,0
27,199,387,23,0,0,0,0
4,199,1073,18,1,1,0,0
24,199,1873,9,3,0,0,0
19,299,1540,23,1,0,1,0
10,299,915,7,1,0,1,0
25,199,1878,20,0,0,0,0
18,499,637,23,2,0,1,0
19,199,1610,5,4,0,1,1
10,499,1700,20,0,0,0,0
33,199,277,24,4,0,1,0
5,499,1977,29,1,0,0,0
35,199,1859,6,4,0,0,1
34,499,988,23,2,0,1,0
33,199,1323,0,0,0,1,0
21,199,1825,26,2,0,0,0
17,499,588,17,2,0,0,0
22,299,1833,23,0,0,0,0
15,499,648,27,2,0,1,0
35,299,617,24,3,1,0,1
28,199,1630,19,3,0,0,0
7,499,134,11,3,0,0,1
32,499,579,15,4,0,0,0
11,499,1170,9,2,0,1,0
10,299,489,26,0,0,1,0
9,299,477,9,0,0,0,0
14,199,1182,13,4,0,1,0
13,299,383,24,0,1,1,1
25,299,162,19,3,0,1,0
2,199,440,9,2,0,0,0
35,499,1876,9,0,0,1,0
7,499,1212,25,0,0,1,0
21,199,414,24,1,1,0,0
18,499,1362,10,1,0,0,0
3,299,1630,22,1,0,1,0
11,199,1204,1,2,0,1,0
24,199,287,24,3,0,0,1
19,199,1857,19,3,0,0,0
4,499,186,7,3,0,0,0
26,199,1907,29,2,1,0,1
32,199,1161,22,2,1,1,1
33,199,129,28,1,0,0,1
3,499,193,6,0,0,1,0
9,299,315,7,4,0,1,0
8,199,1808,0,4,1,1,1
33,299,1887,20,0,0,0,0
6,499,143,1,1,0,0,1
4,499,15,17,0,0,1,0
13,499,1325,14,0,0,1,0
2,499,422,0,4,0,1,0
5,299,244,4,1,0,1,1
27,199,926,1,2,1,1,1
32,499,1130,19,4,0,0,0
21,499,1111,2,2,0,0,0
8,299,128,18,1,0,0,0
8,299,906,17,0,0,1,0
3,499,886,28,3,0,1,0
3,199,340,21,3,0,0,0
22,199,3,17,1,0,0,1
6,499,1350,13,3,1,1,0
2,299,1433,29,2,0,0,0
23,499,1902,23,3,0,0,0
2,499,305,7,1,0,0,0
17,299,907,28,1,0,1,0
35,499,606,29,2,1,1,1
34,499,1744,11,3,0,0,0
23,499,1248,20,3,0,1,1
30,299,1994,9,0,0,0,0
8,199,1371,22,4,0,0,0
22,199,991,19,1,0,1,0
5,299,320,16,0,0,1,0
13,199,558,10,1,0,1,0
29,499,1204,1,0,0,0,0
31,199,617,25,4,0,0,0
16,499,710,25,0,0,0,0
30,199,1409,3,1,0,1,0
16,299,1641,0,3,0,0,0
12,199,1815,14,1,0,0,0
17,199,1795,12,2,0,0,0
16,199,1131,7,2,0,0,0
12,299,530,24,2,0,1,0
8,199,409,3,2,0,1,0
20,299,1994,9,4,0,1,0
3,499,1319,18,3,0,0,1
16,199,817,17,3,0,0,0
30,299,1194,4,1,1,0,1
23,299,1354,29,0,0,1,0
28,199,492,18,1,0,1,0
5,499,1218,25,1,0,1,0
20,299,11,22,1,0,1,1
1,199,194,26,1,0,1,0
30,499,489,21,3,0,0,0
21,299,794,15,0,0,1,0
20,299,880,0,1,1,1,1
6,499,181,11,3,0,1,0
22,499,961,23,1,0,0,0
18,199,1840,1,2,0,1,1
8,199,655,20,1,0,1,0
32,299,1921,24,1,0,1,0
33,499,1339,7,4,0,0,1
16,499,693,17,2,0,0,0
12,499,29,24,0,0,1,1
34,299,1619,15,1,0,1,0
14,499,1701,4,0,1,1,1
33,499,1819,25,2,0,1,0
23,299,1816,29,1,1,0,1
2,199,1119,21,4,0,1,0
21,199,1404,12,3,0,0,0
2,299,777,18,4,0,1,0
27,499,443,28,4,0,0,0
9,299,297,2,3,0,0,1
1,199,807,25,3,0,1,0
11,199,1760,7,3,1,0,0
3,299,844,26,1,0,1,0
23,299,1015,25,0,0,0,0
26,199,1384,25,0,0,0,0
4,299,1397,11,3,0,1,0
18,199,553,1,4,0,1,0
6,299,302,10,2,0,0,0
35,299,420,11,3,0,0,0
22,299,1269,27,4,0,1,0
15,199,1743,17,4,1,1,1
22,299,1260,12,1,0,1,0
12,199,1557,4,1,1,0,1
18,199,184,21,0,0,1,0
35,299,467,11,0,0,1,0
30,299,753,1,2,1,0,1
24,199,362,4,2,0,1,1
30,199,1306,6,2,1,1,1
14,499,1576,25,2,0,1,0
6,199,335,25,4,0,1,1
3,499,161,23,4,0,0,1
16,499,1183,11,0,0,1,0
7,499,1497,15,1,0,1,0
14,299,1624,22,1,0,1,0
9,299,1345,7,3,0,1,0
15,199,11,29,4,1,1,1
21,499,1447,27,2,0,1,0
35,299,1096,8,2,0,0,0
2,299,587,14,3,0,0,0
27,299,1881,4,1,0,0,0
2,299,200,12,2,1,1,1
35,299,521,4,1,0,1,1
18,499,1887,10,3,0,1,0
14,499,504,9,1,0,0,0
20,499,1761,19,1,0,1,0
18,499,1711,12,1,1,0,0
10,199,787,8,2,0,1,0
25,499,1062,20,0,1,1,1
2,299,59,13,4,0,0,1
25,499,577,17,1,1,0,1
33,199,320,14,1,0,0,0
31,299,1458,9,1,1,0,1
14,499,1659,23,0,1,0,0
1,499,1699,6,3,1,0,1
16,499,1431,7,2,0,1,0
3,299,922,27,0,0,0,0
35,299,1409,2,1,0,1,1
6,199,1694,14,0,0,1,0
25,299,568,15,0,0,1,0
13,299,1101,3,0,0,1,1
34,499,1217,20,3,0,1,0
8,299,1308,5,4,0,0,1
21,499,526,0,2,0,0,0
34,499,523,3,3,0,0,0
4,299,612,10,3,0,1,0
25,199,1179,11,4,0,0,0
15,199,1363,25,3,0,1,0
4,299,124,28,0,0,1,0
12,199,870,4,0,1,1,1
32,499,279,22,1,1,1,1
32,499,916,28,3,1,0,1
28,299,1929,20,1,1,0,1
13,199,621,15,2,0,0,0
31,199,845,12,0,0,0,0
14,499,1892,12,2,0,0,0
20,299,1681,16,4,0,1,0
18,199,1751,26,0,0,0,0
29,299,1933,6,2,0,1,0
6,199,673,7,4,0,1,0
32,499,1151,12,2,0,1,0
29,499,313,22,4,0,0,0
2,299,331,26,4,0,1,1
23,499,1173,15,0,0,1,0
19,199,1477,29,1,0,0,0
31,499,35,28,4,0,1,1
5,299,1708,3,4,0,1,0
19,299,1443,7,0,1,1,0
34,299,1045,15,1,0,0,0
10,199,205,20,3,0,1,1
25,199,638,9,3,0,1,0
2,199,847,24,1,0,0,0
11,199,1980,11,2,0,0,0
31,199,1379,11,0,0,1,0
15,499,439,25,1,0,0,0
9,199,728,4,3,1,0,1
23,199,1119,15,4,1,0,1
19,499,1952,0,3,0,0,0
9,199,940,27,4,0,0,0
35,299,163,8,0,0,0,0
21,199,147,11,4,0,0,1
9,199,1553,4,1,0,1,0
28,299,293,21,4,0,0,1
7,299,194,19,2,0,0,0
16,299,662,21,1,0,0,0
16,299,479,27,0,0,1,0
33,199,1900,23,1,0,0,0
4,299,122,2,2,0,0,1
4,299,1423,4,0,1,1,1
17,499,698,1,3,0,0,0
29,299,964,13,2,0,1,0
35,299,1475,1,0,0,1,1
7,499,660,12,4,0,0,0
27,499,1127,6,1,1,1,0
28,199,1778,9,0,0,0,0
22,499,1485,12,1,0,0,0
14,199,1766,15,4,0,1,1
7,499,1741,25,0,0,1,0
22,499,709,13,3,0,0,0
5,199,395,10,2,0,0,0
2,499,911,9,0,0,1,0
27,199,1360,5,4,0,0,0
21,499,1004,3,0,0,0,0
15,299,1622,20,1,1,0,1
21,499,1165,0,0,0,1,1
10,199,316,6,3,0,0,0
23,499,1734,23,0,0,0,0
5,199,1581,8,2,0,0,0
1,199,1823,7,0,0,1,0
13,299,1550,4,1,0,1,0
21,299,1579,18,0,0,1,0
26,199,1424,9,3,0,0,0
21,499,680,10,4,0,1,0
18,199,1333,24,0,0,0,0
32,199,494,14,0,0,1,0
17,499,555,5,2,0,0,0
35,499,609,14,3,0,1,1
11,499,1796,4,4,0,0,0
21,499,108,28,1,1,0,1
26,199,1818,18,0,0,1,0
4,199,371,21,4,0,0,0
34,299,854,18,1,0,1,0
18,199,615,9,3,0,1,0
35,499,767,11,3,0,0,0
29,299,1914,21,4,0,0,1
29,499,205,3,1,0,1,0
21,199,846,17,3,0,1,0
13,299,42,15,4,0,1,1
17,499,864,7,3,0,0,1
9,299,1268,3,3,0,1,1
1,299,1310,24,3,0,0,0
2,199,1378,22,2,0,0,0
29,499,784,11,1,0,1,0
33,299,475,1,4,0,1,1
10,299,82,3,4,0,0,1
21,499,1133,4,1,0,0,0
28,299,1973,2,1,0,0,1
11,299,189,8,1,0,0,1
34,299,799,28,1,0,1,0
8,499,935,20,0,1,0,1
22,499,1932,17,4,0,1,0
8,499,250,10,0,0,1,1
15,499,1747,2,3,0,1,0
17,199,290,29,3,0,0,1
23,299,1668,24,4,0,0,1
24,499,1224,22,3,0,1,0
19,299,1820,1,1,0,1,0
5,299,325,8,0,0,1,0
32,199,1534,13,1,0,1,0
1,499,1432,3,3,0,0,0
23,499,1630,28,0,0,1,0
8,299,1813,8,1,0,0,0
13,499,1985,12,4,0,0,0
8,299,1964,17,1,0,0,0
23,299,836,14,3,0,0,0
1,199,507,27,0,0,1,0
24,199,730,9,4,0,0,0
35,199,1624,15,0,0,1,0
24,299,71,11,4,0,0,1
17,499,1270,19,0,0,1,0
5,199,640,4,3,1,1,1
20,499,1747,1,4,0,1,1
21,199,939,9,2,0,1,0
31,199,1878,0,0,0,1,0
11,299,607,6,0,0,0,0
15,199,1610,25,1,0,1,0
19,199,1958,16,4,0,0,0
7,299,565,15,2,0,1,0
28,499,1367,26,3,0,0,1
5,199,1994,26,1,0,0,0
5,299,1948,23,2,0,0,0
30,199,53,2,4,0,1,1
32,299,1753,13,2,0,0,0
8,499,527,9,0,0,1,0
10,499,610,21,0,0,1,0
32,299,1555,6,1,0,0,0
28,299,1581,25,4,0,0,0
17,299,1986,16,4,0,1,0
31,499,192,29,2,0,1,1
8,199,1918,5,1,0,1,0
25,499,57,22,4,0,1,1
9,299,1460,21,0,0,1,0
